id,first_name,last_name,email,gender,ip_address
1,Claudina,Jiggen,cjiggen0@clickbank.net,Female,68.73.57.85
2,Dorothy,Gladden,dgladden1@imdb.com,Female,252.211.18.4
3,Town,Farrant,tfarrant2@feedburner.com,Male,197.128.157.120
4,George,Rossin,grossin3@artisteer.com,Male,243.144.66.118
5,Angelico,Fearn,afearn4@amazonaws.com,Male,53.100.184.9
6,Blancha,Bowmen,bbowmen5@google.es,Female,198.34.21.83
7,Zak,Spaducci,zspaducci6@uol.com.br,Male,233.206.170.82
8,Ichabod,Gourlie,igourlie7@dyndns.org,Male,166.235.35.228
9,Stacee,Wattingham,swattingham8@vimeo.com,Male,116.36.227.121
10,Ase,Westwell,awestwell9@angelfire.com,Male,120.254.229.72
11,Jolyn,Oakenford,joakenforda@dropbox.com,Female,214.199.47.20
12,Max,Nathan,mnathanb@omniture.com,Male,229.127.103.161
13,Maddie,Bradlaugh,mbradlaughc@spiegel.de,Male,102.239.187.223
14,Zeb,Meryett,zmeryettd@spotify.com,Male,242.62.158.199
15,Leupold,Growden,lgrowdene@de.vu,Male,75.212.198.249
16,Prinz,Schoolfield,pschoolfieldf@com.com,Male,3.239.149.249
17,Janice,McChruiter,jmcchruiterg@sbwire.com,Female,74.255.136.227
18,Berty,Towsey,btowseyh@wikispaces.com,Male,146.35.84.167
19,Leshia,Pinckard,lpinckardi@auda.org.au,Female,74.134.250.155
20,Denice,Fidock,dfidockj@friendfeed.com,Female,96.128.37.0
21,Marji,Braiden,mbraidenk@mit.edu,Female,95.77.150.159
22,Keith,Spiers,kspiersl@yahoo.co.jp,Male,142.135.171.40
23,Lucien,Ambroziak,lambroziakm@ifeng.com,Male,10.194.221.163
24,Verna,Lydon,vlydonn@reddit.com,Female,149.89.111.197
25,Dino,Orneblow,dorneblowo@ezinearticles.com,Male,34.213.110.115
26,Alyssa,Weild,aweildp@mail.ru,Female,220.15.68.38
27,Cissiee,Enga,cengaq@walmart.com,Female,95.160.61.234
28,Morten,Dowsett,mdowsettr@sbwire.com,Male,131.234.200.141
29,Elmo,Mattiacci,emattiaccis@theatlantic.com,Male,62.137.147.190
30,Dagmar,Gerant,dgerantt@youku.com,Female,100.226.191.70
31,Gilda,McNamara,gmcnamarau@gravatar.com,Female,97.242.182.204
32,Mary,Balkwill,mbalkwillv@pbs.org,Female,97.176.138.228
33,Fran,Spooner,fspoonerw@godaddy.com,Female,214.9.77.179
34,Ronny,Hursthouse,rhursthousex@dailymotion.com,Male,250.37.104.231
35,Micheal,Kydd,mkyddy@tmall.com,Male,142.2.106.132
36,Chip,Print,cprintz@mail.ru,Male,130.100.2.51
37,Trixy,Dechelle,tdechelle10@scribd.com,Female,16.68.56.170
38,Lyssa,Folkerts,lfolkerts11@stanford.edu,Female,249.148.3.23
39,Jarvis,Clamp,jclamp12@icio.us,Male,120.169.119.65
40,Pepillo,Gainsburgh,pgainsburgh13@creativecommons.org,Male,253.205.114.231
41,Hamil,Barwis,hbarwis14@google.de,Male,251.242.102.199
42,Darby,Kelleway,dkelleway15@redcross.org,Male,51.113.220.72
43,Archibaldo,Woolf,awoolf16@comcast.net,Male,231.140.4.162
44,Basilio,Martyntsev,bmartyntsev17@dagondesign.com,Male,239.116.187.106
45,Baxy,Sutherel,bsutherel18@who.int,Male,73.152.215.123
46,Alyce,Slemming,aslemming19@whitehouse.gov,Female,44.179.78.237
47,Inigo,Joly,ijoly1a@prweb.com,Male,97.199.84.39
48,Orel,Ballsdon,oballsdon1b@princeton.edu,Female,235.82.225.236
49,Cherri,Jaray,cjaray1c@who.int,Female,160.209.149.157
50,Maxim,Carden,mcarden1d@usda.gov,Male,96.177.2.143
51,Iorgos,Dickerline,idickerline1e@blogs.com,Male,148.109.118.138
52,Caldwell,Curd,ccurd1f@usda.gov,Male,87.154.159.248
53,Morganica,Loughlan,mloughlan1g@printfriendly.com,Female,64.108.72.84
54,Cole,Quixley,cquixley1h@examiner.com,Male,191.40.70.226
55,Cory,Stephens,cstephens1i@sogou.com,Female,161.96.182.72
56,Chandra,Kernar,ckernar1j@addtoany.com,Female,247.191.33.166
57,Gwenora,Toffts,gtoffts1k@people.com.cn,Female,71.67.180.159
58,Mignonne,Rey,mrey1l@toplist.cz,Female,124.31.3.110
59,Isak,Nellies,inellies1m@seesaa.net,Male,4.130.251.29
60,Elsy,Caple,ecaple1n@nih.gov,Female,247.146.208.31
61,Rebecca,Borsnall,rborsnall1o@hud.gov,Female,113.194.0.214
62,Renae,Arnauduc,rarnauduc1p@angelfire.com,Female,12.252.67.209
63,Dot,Stickells,dstickells1q@loc.gov,Female,7.123.87.208
64,Jaimie,Marryatt,jmarryatt1r@mail.ru,Female,43.127.105.246
65,Chandra,Bradman,cbradman1s@1und1.de,Female,188.108.216.131
66,Ofelia,Penylton,openylton1t@usatoday.com,Female,27.237.29.170
67,Aeriela,Abramovici,aabramovici1u@infoseek.co.jp,Female,192.118.238.45
68,Garvey,Pitrelli,gpitrelli1v@ihg.com,Male,250.42.215.128
69,Dorey,Bartelet,dbartelet1w@geocities.jp,Male,201.12.15.40
70,Kinsley,Argont,kargont1x@e-recht24.de,Male,217.200.134.246
71,Marcel,Jarret,mjarret1y@lycos.com,Male,10.159.151.154
72,Stirling,Chettle,schettle1z@parallels.com,Male,115.138.254.210
73,Trescha,Cassam,tcassam20@bloglines.com,Female,171.60.48.109
74,Kylie,Blackesland,kblackesland21@vistaprint.com,Male,237.116.200.83
75,Schuyler,Aldrich,saldrich22@blogspot.com,Male,129.125.2.253
76,Early,Abramson,eabramson23@ucoz.ru,Male,202.187.205.49
77,Joanne,Bosher,jbosher24@yellowbook.com,Female,169.49.103.173
78,Kin,Pidon,kpidon25@delicious.com,Male,137.113.55.144
79,Reynard,Bellin,rbellin26@ucoz.com,Male,131.203.222.84
80,Hayley,Braine,hbraine27@cnet.com,Female,244.202.119.167
81,Cullie,Yair,cyair28@scientificamerican.com,Male,29.113.216.27
82,Anna,Hosburn,ahosburn29@newsvine.com,Female,250.76.55.89
83,Leif,Turban,lturban2a@dailymail.co.uk,Male,134.207.1.68
84,Rosalia,Goodridge,rgoodridge2b@tripod.com,Female,105.80.55.13
85,Winna,Choppin,wchoppin2c@geocities.jp,Female,85.199.154.248
86,Redd,Macon,rmacon2d@nasa.gov,Male,199.107.222.166
87,Luella,Pleace,lpleace2e@homestead.com,Female,187.9.218.44
88,Quintilla,Nutbrown,qnutbrown2f@free.fr,Female,54.63.188.169
89,Geoffrey,Robshaw,grobshaw2g@theatlantic.com,Male,183.234.160.144
90,Osbert,Dedman,odedman2h@sun.com,Male,172.200.55.134
91,Oralia,Mergue,omergue2i@pcworld.com,Female,231.235.12.223
92,Rana,Hellcat,rhellcat2j@hp.com,Female,71.139.211.72
93,Sherwynd,Bakhrushkin,sbakhrushkin2k@whitehouse.gov,Male,205.35.235.193
94,Perceval,Maiden,pmaiden2l@si.edu,Male,26.223.58.154
95,Dorey,Dressell,ddressell2m@usda.gov,Male,26.21.17.209
96,Renae,Lambole,rlambole2n@goo.gl,Female,29.32.78.86
97,Marcos,Devenport,mdevenport2o@zimbio.com,Male,254.209.142.129
98,Trey,Hammonds,thammonds2p@timesonline.co.uk,Male,171.137.166.43
99,Kipp,Mustill,kmustill2q@hostgator.com,Female,56.133.41.3
100,Gasparo,Eady,geady2r@cpanel.net,Male,240.217.144.7
101,Tiffi,Pitone,tpitone2s@pinterest.com,Female,197.30.186.6
102,Birk,Gilpillan,bgilpillan2t@nhs.uk,Male,82.145.6.82
103,Cullan,Del Checolo,cdelchecolo2u@ucsd.edu,Male,48.122.202.155
104,Rosemary,Moakes,rmoakes2v@yellowpages.com,Female,216.191.31.193
105,Pryce,Okie,pokie2w@newyorker.com,Male,211.190.35.124
106,Dick,Buzza,dbuzza2x@com.com,Male,151.141.201.145
107,Demetrius,Carnock,dcarnock2y@homestead.com,Male,10.133.169.91
108,Parrnell,Burles,pburles2z@people.com.cn,Male,73.139.200.3
109,Colas,Sheach,csheach30@mit.edu,Male,135.101.223.183
110,Reggie,Elverston,relverston31@statcounter.com,Female,208.179.197.59
111,Murry,Lindley,mlindley32@youtube.com,Male,168.42.223.33
112,Jacky,Brough,jbrough33@quantcast.com,Male,53.196.182.242
113,Zarla,Saph,zsaph34@t-online.de,Female,39.154.135.37
114,Nadiya,Houseman,nhouseman35@diigo.com,Female,143.121.46.88
115,Tomlin,Aggas,taggas36@jimdo.com,Male,211.235.93.13
116,Karoly,Robelin,krobelin37@stumbleupon.com,Female,44.243.163.114
117,Chariot,Purdy,cpurdy38@51.la,Male,178.182.89.127
118,Jarad,Shepherdson,jshepherdson39@domainmarket.com,Male,160.155.200.222
119,Della,Fermor,dfermor3a@gravatar.com,Female,99.20.25.241
120,Jammie,Cowup,jcowup3b@hibu.com,Female,197.189.225.107
121,Thorpe,Vella,tvella3c@a8.net,Male,99.109.169.34
122,Kimble,Bum,kbum3d@google.com.hk,Male,109.7.191.164
123,Richie,Wandtke,rwandtke3e@jugem.jp,Male,243.154.97.113
124,Myrvyn,Earingey,mearingey3f@amazonaws.com,Male,118.167.165.2
125,Lorette,Beneyto,lbeneyto3g@diigo.com,Female,233.235.15.33
126,Boonie,Laflin,blaflin3h@amazon.de,Male,198.125.195.161
127,Bendix,Battill,bbattill3i@shutterfly.com,Male,60.183.225.67
128,Arabella,Iianon,aiianon3j@biblegateway.com,Female,29.129.178.188
129,Artair,Cheston,acheston3k@list-manage.com,Male,15.47.22.101
130,Cordie,Macias,cmacias3l@patch.com,Male,19.123.246.38
131,Robyn,Dimmer,rdimmer3m@vkontakte.ru,Female,58.149.165.134
132,Chas,Tildesley,ctildesley3n@exblog.jp,Male,162.168.224.20
133,Ambros,Miere,amiere3o@hexun.com,Male,170.190.93.51
134,Brewer,Warsap,bwarsap3p@msu.edu,Male,98.6.159.251
135,Brandise,Vouls,bvouls3q@reverbnation.com,Female,155.149.106.152
136,Athena,Mangenet,amangenet3r@shareasale.com,Female,227.196.147.128
137,Yetty,Vedishchev,yvedishchev3s@scribd.com,Female,49.127.84.219
138,Celestyna,Lutz,clutz3t@nps.gov,Female,238.95.169.125
139,Bond,Taks,btaks3u@cyberchimps.com,Male,236.198.183.82
140,Aleen,Bene,abene3v@imageshack.us,Female,170.103.96.96
141,Monah,Rollinshaw,mrollinshaw3w@prnewswire.com,Female,146.216.111.248
142,Jory,Yetts,jyetts3x@weebly.com,Male,45.63.162.57
143,Deerdre,Guidotti,dguidotti3y@bizjournals.com,Female,224.231.159.145
144,Ashli,Oag,aoag3z@themeforest.net,Female,184.121.157.229
145,Hasty,Sturge,hsturge40@ebay.co.uk,Male,171.11.142.42
146,Raffarty,Rubinowicz,rrubinowicz41@wikia.com,Male,38.151.174.84
147,Daron,Lillecrop,dlillecrop42@walmart.com,Male,153.0.18.102
148,Charles,Lowbridge,clowbridge43@cbsnews.com,Male,94.73.172.5
149,Dermot,Roiz,droiz44@domainmarket.com,Male,112.80.167.158
150,Arlyn,Denerley,adenerley45@shutterfly.com,Female,80.29.8.73
151,Kimbra,Hallowell,khallowell46@cyberchimps.com,Female,53.167.156.83
152,Tessie,Fydo,tfydo47@t-online.de,Female,130.229.167.115
153,Gearard,Poynton,gpoynton48@de.vu,Male,122.76.220.157
154,Giordano,O'Mullaney,gomullaney49@nydailynews.com,Male,171.89.53.108
155,Lindsay,Jancic,ljancic4a@nasa.gov,Female,184.127.224.237
156,Wilona,Osmon,wosmon4b@wp.com,Female,31.113.56.67
157,Kristal,Locks,klocks4c@over-blog.com,Female,196.149.238.25
158,Giulietta,Gaze,ggaze4d@360.cn,Female,18.151.93.221
159,Trixy,Bourget,tbourget4e@timesonline.co.uk,Female,238.44.144.145
160,Davey,Tavernor,dtavernor4f@smh.com.au,Male,155.170.5.27
161,Henry,Borzone,hborzone4g@mlb.com,Male,112.109.57.135
162,Ali,Coche,acoche4h@comsenz.com,Female,204.145.84.152
163,Giraud,Penk,gpenk4i@baidu.com,Male,0.83.159.4
164,Wells,Boumphrey,wboumphrey4j@businesswire.com,Male,50.12.154.82
165,Carlen,Redmond,credmond4k@mtv.com,Female,95.228.169.87
166,Ingrim,Nobles,inobles4l@guardian.co.uk,Male,182.177.137.219
167,Ferrel,Fairbeard,ffairbeard4m@ocn.ne.jp,Male,222.81.79.169
168,Saudra,Wooffinden,swooffinden4n@ebay.com,Female,94.128.114.86
169,Claretta,Oxteby,coxteby4o@usda.gov,Female,171.22.129.25
170,Gabriella,Stanner,gstanner4p@webs.com,Female,221.136.183.240
171,Glad,Stit,gstit4q@wsj.com,Female,139.110.182.182
172,Miles,Jahns,mjahns4r@patch.com,Male,3.128.15.255
173,Owen,Gage,ogage4s@cdc.gov,Male,191.219.195.99
174,Shadow,Sein,ssein4t@nationalgeographic.com,Male,39.145.109.110
175,Jenn,Catterick,jcatterick4u@wikimedia.org,Female,13.235.90.213
176,Pammie,Draco,pdraco4v@pinterest.com,Female,123.184.110.41
177,Broderick,Chave,bchave4w@tuttocitta.it,Male,94.51.137.150
178,Toni,Stoppard,tstoppard4x@eventbrite.com,Female,33.247.128.171
179,Bradney,Yakushkin,byakushkin4y@gravatar.com,Male,60.204.74.159
180,Creigh,McSperron,cmcsperron4z@canalblog.com,Male,165.104.85.120
181,Nicole,Issitt,nissitt50@dion.ne.jp,Female,85.14.73.122
182,Mart,Lilion,mlilion51@nps.gov,Male,67.243.58.118
183,Savina,Murray,smurray52@free.fr,Female,140.58.220.232
184,Elvis,Duigan,eduigan53@odnoklassniki.ru,Male,28.244.119.225
185,Nap,Colcomb,ncolcomb54@furl.net,Male,152.48.109.203
186,Aime,Fairclough,afairclough55@cyberchimps.com,Female,233.224.218.244
187,Juliet,Tart,jtart56@list-manage.com,Female,124.94.36.13
188,Janey,Lammertz,jlammertz57@about.com,Female,101.29.229.238
189,Rustin,Schoolfield,rschoolfield58@plala.or.jp,Male,142.101.42.68
190,Loretta,Gouldeby,lgouldeby59@artisteer.com,Female,46.214.187.55
191,Claus,Brecon,cbrecon5a@yelp.com,Male,83.55.68.1
192,Lianne,Pawlowicz,lpawlowicz5b@issuu.com,Female,243.23.236.46
193,Roch,Townes,rtownes5c@prweb.com,Female,31.172.199.91
194,Bob,Codlin,bcodlin5d@etsy.com,Male,122.249.169.196
195,Paulita,Pakeman,ppakeman5e@amazon.co.jp,Female,123.33.150.217
196,Garvin,Slyford,gslyford5f@rambler.ru,Male,217.14.86.254
197,Mireille,Gowans,mgowans5g@odnoklassniki.ru,Female,239.37.53.92
198,Margo,Stothart,mstothart5h@yolasite.com,Female,186.169.226.107
199,Rosina,Wadie,rwadie5i@reddit.com,Female,181.134.39.195
200,Goddart,Crannell,gcrannell5j@pbs.org,Male,153.179.197.92
201,Marie-ann,Toll,mtoll5k@amazon.co.uk,Female,126.77.13.82
202,Clarissa,McElrath,cmcelrath5l@unesco.org,Female,241.254.218.60
203,Tadeo,McGonigle,tmcgonigle5m@wikimedia.org,Male,185.238.168.236
204,Corrie,Van der Brugge,cvanderbrugge5n@time.com,Female,177.75.170.92
205,Sibylla,Gulc,sgulc5o@wikia.com,Female,203.97.212.164
206,Michaeline,Buttrick,mbuttrick5p@gnu.org,Female,194.68.87.132
207,Ninetta,Tomczykowski,ntomczykowski5q@godaddy.com,Female,175.252.142.144
208,Horacio,Hartless,hhartless5r@latimes.com,Male,135.39.173.112
209,Chiquita,Krugmann,ckrugmann5s@unblog.fr,Female,62.188.155.39
210,Torrence,Vispo,tvispo5t@chicagotribune.com,Male,22.157.114.101
211,Blake,Silcock,bsilcock5u@fastcompany.com,Male,176.240.73.40
212,Saxe,Jerrom,sjerrom5v@diigo.com,Male,3.67.194.47
213,Carlyn,Elmer,celmer5w@macromedia.com,Female,186.47.173.205
214,Aubine,Trustrie,atrustrie5x@flavors.me,Female,65.93.239.58
215,Anderea,Guidotti,aguidotti5y@paginegialle.it,Female,41.46.73.100
216,Neale,Sabbins,nsabbins5z@stumbleupon.com,Male,170.10.37.101
217,Sim,Krelle,skrelle60@ocn.ne.jp,Male,94.243.141.209
218,Tyson,Cranmor,tcranmor61@utexas.edu,Male,1.32.52.128
219,Imogene,Idwal Evans,iidwalevans62@irs.gov,Female,129.143.137.14
220,Micky,Priddey,mpriddey63@eepurl.com,Male,190.84.186.250
221,Caitrin,Turpie,cturpie64@flickr.com,Female,158.195.80.227
222,Laurie,Voaden,lvoaden65@ifeng.com,Female,23.16.200.103
223,Hermy,Calcott,hcalcott66@free.fr,Male,113.13.119.28
224,Crystie,Peirone,cpeirone67@nsw.gov.au,Female,186.224.184.140
225,Haze,McCathay,hmccathay68@barnesandnoble.com,Male,135.168.17.64
226,Rivkah,Engel,rengel69@tumblr.com,Female,192.131.18.120
227,Koral,Jewett,kjewett6a@huffingtonpost.com,Female,163.184.163.117
228,Lonnard,Elderidge,lelderidge6b@xing.com,Male,203.65.41.131
229,Westleigh,Leeuwerink,wleeuwerink6c@disqus.com,Male,62.41.0.239
230,Estrella,Videneev,evideneev6d@nps.gov,Female,117.44.159.164
231,Wilek,Aliman,waliman6e@google.it,Male,33.13.24.120
232,Warren,Jeremaes,wjeremaes6f@google.fr,Male,128.50.179.177
233,Felike,Bole,fbole6g@bloglovin.com,Male,123.106.25.80
234,Reggie,Galea,rgalea6h@163.com,Female,154.234.66.114
235,Sarine,Kirkman,skirkman6i@ehow.com,Female,75.211.196.142
236,Arleta,Stallybrass,astallybrass6j@go.com,Female,95.56.6.193
237,Diena,Edington,dedington6k@diigo.com,Female,160.13.210.83
238,Hillel,Pinckney,hpinckney6l@w3.org,Male,108.45.3.111
239,Korella,Tiffany,ktiffany6m@harvard.edu,Female,189.160.12.52
240,Debbie,Nimmo,dnimmo6n@bravesites.com,Female,57.15.146.120
241,Pancho,Howsden,phowsden6o@ucoz.com,Male,0.174.71.144
242,Garvey,Sims,gsims6p@archive.org,Male,171.130.225.18
243,Audrey,Nesfield,anesfield6q@xrea.com,Female,177.23.229.4
244,Shari,Marnes,smarnes6r@bravesites.com,Female,33.87.166.75
245,Alfy,Bloodworthe,abloodworthe6s@feedburner.com,Male,228.127.52.2
246,Susy,Brayson,sbrayson6t@smh.com.au,Female,40.29.158.20
247,Mala,Le Count,mlecount6u@123-reg.co.uk,Female,150.223.183.221
248,Dawna,Scrowston,dscrowston6v@merriam-webster.com,Female,184.129.0.115
249,Garwin,Halsted,ghalsted6w@google.cn,Male,82.182.18.108
250,Nonnah,Limpertz,nlimpertz6x@comcast.net,Female,3.169.240.49
251,Aldon,Timms,atimms6y@blogspot.com,Male,22.92.188.205
252,Paulo,Roney,proney6z@theatlantic.com,Male,17.123.92.240
253,Esme,Jurkiewicz,ejurkiewicz70@live.com,Male,127.227.89.136
254,Elvera,Quartermaine,equartermaine71@myspace.com,Female,223.11.77.61
255,Barbabra,Pryde,bpryde72@biblegateway.com,Female,186.208.22.189
256,Tanner,Chevers,tchevers73@hugedomains.com,Male,250.164.93.210
257,Winnah,Caldow,wcaldow74@telegraph.co.uk,Female,150.94.12.160
258,Aland,Pendrick,apendrick75@va.gov,Male,69.122.233.96
259,Hymie,Casey,hcasey76@360.cn,Male,245.194.155.230
260,Moshe,Donaghy,mdonaghy77@telegraph.co.uk,Male,39.132.106.171
261,Merilyn,Kleinplac,mkleinplac78@dailymail.co.uk,Female,207.201.137.139
262,Margaretta,Yeoman,myeoman79@ow.ly,Female,205.164.113.84
263,Tootsie,Guillart,tguillart7a@google.com.hk,Female,201.9.174.200
264,Avis,Welham,awelham7b@a8.net,Female,254.65.189.105
265,Lavena,Hewertson,lhewertson7c@wunderground.com,Female,115.164.86.224
266,Jessy,Woofendell,jwoofendell7d@usgs.gov,Female,122.102.225.87
267,Zachariah,Lippo,zlippo7e@fema.gov,Male,180.68.8.58
268,Travis,Winscom,twinscom7f@networkadvertising.org,Male,197.85.34.32
269,Christel,Sauter,csauter7g@nifty.com,Female,13.17.201.213
270,Beatrice,Crocket,bcrocket7h@cdbaby.com,Female,122.214.90.152
271,Annabell,Campo,acampo7i@yale.edu,Female,33.185.54.233
272,Rikki,Tibbotts,rtibbotts7j@mail.ru,Male,115.97.68.229
273,Gaye,Cakes,gcakes7k@google.co.jp,Female,42.135.214.74
274,Haven,Glencros,hglencros7l@howstuffworks.com,Male,96.167.114.208
275,Arni,Nears,anears7m@cisco.com,Male,26.54.6.9
276,Artie,Odney,aodney7n@answers.com,Male,1.0.133.222
277,Cairistiona,Goodson,cgoodson7o@google.co.uk,Female,227.91.43.132
278,Myrah,Bilbee,mbilbee7p@weebly.com,Female,37.11.119.186
279,Ainslie,Stolberger,astolberger7q@lycos.com,Female,247.63.66.159
280,Jess,Harriott,jharriott7r@unesco.org,Male,86.45.86.217
281,Gordan,McKerron,gmckerron7s@wix.com,Male,255.104.119.163
282,Bradford,Farley,bfarley7t@yahoo.co.jp,Male,154.137.149.128
283,Viki,Brenton,vbrenton7u@irs.gov,Female,193.55.99.20
284,Betta,Hebblewhite,bhebblewhite7v@clickbank.net,Female,60.252.117.176
285,Denis,Kenn,dkenn7w@state.tx.us,Male,236.244.189.8
286,Teddy,Buttwell,tbuttwell7x@youtu.be,Female,156.244.150.94
287,Zahara,Coates,zcoates7y@blinklist.com,Female,113.133.181.71
288,Wilmer,Spradbery,wspradbery7z@nih.gov,Male,13.143.120.75
289,Cesare,Kemmish,ckemmish80@webeden.co.uk,Male,109.141.51.86
290,Humbert,Itzcovichch,hitzcovichch81@ucla.edu,Male,7.236.223.67
291,Serge,Habbema,shabbema82@amazon.com,Male,167.234.17.92
292,Ianthe,Tyhurst,ityhurst83@time.com,Female,121.191.54.141
293,Shaina,Haysey,shaysey84@statcounter.com,Female,208.81.97.2
294,Lemar,Rapo,lrapo85@sourceforge.net,Male,118.50.169.197
295,Corrie,Donke,cdonke86@indiegogo.com,Male,81.37.204.70
296,Lay,Giurio,lgiurio87@goo.gl,Male,54.88.163.11
297,Celie,Karolovsky,ckarolovsky88@jalbum.net,Female,84.117.58.59
298,Murielle,Hentze,mhentze89@wp.com,Female,74.94.253.18
299,Yehudit,Larraway,ylarraway8a@deliciousdays.com,Male,138.237.28.142
300,Gardie,Kanter,gkanter8b@google.com,Male,56.225.152.72
301,Nita,Eccleshare,neccleshare8c@jigsy.com,Female,182.199.57.119
302,Kearney,Standing,kstanding8d@irs.gov,Male,140.197.160.142
303,Zorine,Goodday,zgoodday8e@networksolutions.com,Female,134.120.124.196
304,Gilberte,MacDermott,gmacdermott8f@mayoclinic.com,Female,238.169.5.177
305,Dermot,Esposi,desposi8g@youku.com,Male,184.245.191.104
306,Andrew,Aldred,aaldred8h@yellowpages.com,Male,21.70.196.159
307,Aristotle,Coghlan,acoghlan8i@gmpg.org,Male,23.72.87.116
308,Sharia,Lukianov,slukianov8j@last.fm,Female,6.183.224.89
309,Robena,Bartlosz,rbartlosz8k@joomla.org,Female,184.183.140.187
310,Humfried,Adel,hadel8l@ocn.ne.jp,Male,85.34.172.213
311,Dyanne,Millward,dmillward8m@ucla.edu,Female,0.248.64.32
312,Doris,Burkett,dburkett8n@tuttocitta.it,Female,156.212.59.6
313,Barrie,D'Souza,bdsouza8o@angelfire.com,Female,201.75.29.22
314,Vicky,Coyte,vcoyte8p@theguardian.com,Female,61.180.127.180
315,Egor,Leitche,eleitche8q@latimes.com,Male,11.9.27.233
316,Stearn,Olney,solney8r@accuweather.com,Male,231.180.29.161
317,Hestia,Woodroof,hwoodroof8s@theglobeandmail.com,Female,172.50.168.30
318,Kirsteni,Bailles,kbailles8t@jiathis.com,Female,145.3.123.41
319,Dyanna,Baldwin,dbaldwin8u@icio.us,Female,163.197.133.67
320,Mace,Ellwand,mellwand8v@craigslist.org,Male,79.15.107.77
321,Roderich,Whight,rwhight8w@netlog.com,Male,212.15.244.248
322,Jerad,Wigfield,jwigfield8x@admin.ch,Male,247.230.46.58
323,Gideon,Conti,gconti8y@artisteer.com,Male,12.40.205.39
324,Hewitt,Dukes,hdukes8z@imageshack.us,Male,5.234.95.40
325,Patric,Narracott,pnarracott90@pen.io,Male,6.233.6.173
326,Krissy,Essex,kessex91@house.gov,Female,24.241.67.171
327,Hedy,Kiehne,hkiehne92@mozilla.org,Female,115.181.90.64
328,Amara,Matasov,amatasov93@state.gov,Female,68.218.75.33
329,Chad,Tudor,ctudor94@columbia.edu,Male,223.39.50.72
330,Barbette,Blaymires,bblaymires95@accuweather.com,Female,12.159.181.251
331,Fifi,Folbige,ffolbige96@amazon.co.uk,Female,104.92.123.24
332,Olive,Mainz,omainz97@fotki.com,Female,213.158.8.61
333,Darn,Trotton,dtrotton98@cnet.com,Male,24.82.68.107
334,Derry,Amey,damey99@twitpic.com,Male,140.45.84.224
335,Chery,Gudyer,cgudyer9a@rambler.ru,Female,170.7.131.220
336,Catina,Tour,ctour9b@chronoengine.com,Female,163.225.169.69
337,Walther,Mufford,wmufford9c@histats.com,Male,112.224.160.211
338,Alanah,Renols,arenols9d@accuweather.com,Female,235.249.179.126
339,Hermy,Schwerin,hschwerin9e@sfgate.com,Male,216.34.177.214
340,Garald,Bleckly,gbleckly9f@senate.gov,Male,151.115.25.159
341,Olivier,Gorioli,ogorioli9g@i2i.jp,Male,107.243.214.199
342,Reuben,Trehearne,rtrehearne9h@ameblo.jp,Male,249.10.200.26
343,Kimble,Curnock,kcurnock9i@eepurl.com,Male,139.251.65.46
344,Basilio,Daoust,bdaoust9j@washingtonpost.com,Male,191.50.229.69
345,Kitti,Blackman,kblackman9k@mlb.com,Female,239.41.203.118
346,Grace,Short,gshort9l@icq.com,Female,230.194.160.210
347,Laura,MacCurtain,lmaccurtain9m@nba.com,Female,225.22.31.152
348,Sybila,Saurat,ssaurat9n@tamu.edu,Female,125.9.174.80
349,Tamma,Langstone,tlangstone9o@nbcnews.com,Female,58.227.20.11
350,Thomasine,McFall,tmcfall9p@arstechnica.com,Female,129.22.196.43
351,Alasdair,Edmons,aedmons9q@yandex.ru,Male,48.24.248.215
352,Parsifal,Plinck,pplinck9r@sciencedaily.com,Male,75.163.129.119
353,Cherilyn,Lipprose,clipprose9s@shinystat.com,Female,239.209.79.147
354,Webb,Jozaitis,wjozaitis9t@drupal.org,Male,5.164.246.30
355,Pete,Durrell,pdurrell9u@home.pl,Male,166.59.240.219
356,Webster,Wragge,wwragge9v@symantec.com,Male,4.130.229.210
357,Cori,Scolding,cscolding9w@shutterfly.com,Male,161.218.171.93
358,Bernete,Winspur,bwinspur9x@wordpress.org,Female,117.103.111.142
359,Marie,Gigg,mgigg9y@tiny.cc,Female,47.231.185.20
360,Emlynn,McGrowther,emcgrowther9z@umich.edu,Female,135.96.146.51
361,Cindelyn,Pietersen,cpietersena0@cbslocal.com,Female,133.165.222.26
362,Mohandis,Guilliland,mguillilanda1@tumblr.com,Male,229.247.172.78
363,Barbara,Paeckmeyer,bpaeckmeyera2@etsy.com,Female,220.14.158.253
364,Lida,Fancet,lfanceta3@blogs.com,Female,168.212.14.6
365,Sharron,Klimentyev,sklimentyeva4@so-net.ne.jp,Female,248.47.62.39
366,Stevy,Strongitharm,sstrongitharma5@usgs.gov,Male,3.122.200.180
367,Kale,MacNally,kmacnallya6@fda.gov,Male,71.113.78.25
368,Gottfried,Titterton,gtittertona7@addtoany.com,Male,59.40.195.149
369,Alta,Dillingham,adillinghama8@slate.com,Female,143.65.159.233
370,Geno,Leahair,gleahaira9@multiply.com,Male,138.115.211.132
371,Stan,Richardes,srichardesaa@uiuc.edu,Male,173.125.207.176
372,Shannen,Vasilischev,svasilischevab@comcast.net,Female,2.101.156.91
373,Toddy,Lowell,tlowellac@wordpress.com,Male,76.149.214.165
374,Gunilla,Guiel,gguielad@europa.eu,Female,44.38.135.115
375,Padraic,Fradgley,pfradgleyae@unblog.fr,Male,135.20.45.176
376,Elli,Matches,ematchesaf@mapy.cz,Female,52.188.225.253
377,Filip,Axtell,faxtellag@bloglovin.com,Male,55.222.150.127
378,Chauncey,Rubin,crubinah@privacy.gov.au,Male,104.224.127.122
379,Austin,Ledrun,aledrunai@boston.com,Female,169.47.142.51
380,Egor,Wager,ewageraj@ft.com,Male,78.42.174.24
381,Cristie,Godfrey,cgodfreyak@trellian.com,Female,118.138.102.37
382,Delmore,Suff,dsuffal@utexas.edu,Male,9.33.250.214
383,Bernhard,Yell,byellam@seattletimes.com,Male,24.44.131.74
384,Aeriela,Klimontovich,aklimontovichan@walmart.com,Female,209.117.188.5
385,Herta,Worsell,hworsellao@studiopress.com,Female,187.47.26.248
386,Tom,Geere,tgeereap@xinhuanet.com,Male,65.246.193.121
387,Annelise,Jarrard,ajarrardaq@elegantthemes.com,Female,163.11.116.222
388,Fielding,Gerrels,fgerrelsar@livejournal.com,Male,157.141.97.53
389,Jedidiah,Ashborn,jashbornas@gnu.org,Male,22.54.149.49
390,Codie,Beckwith,cbeckwithat@free.fr,Male,213.214.160.108
391,Dilan,Franssen,dfranssenau@nytimes.com,Male,62.166.177.187
392,Chico,Pybus,cpybusav@squarespace.com,Male,236.152.80.48
393,Jule,Tatters,jtattersaw@mozilla.org,Male,225.136.79.61
394,Phineas,Gilardengo,pgilardengoax@harvard.edu,Male,105.246.188.107
395,Bessie,Sleight,bsleightay@godaddy.com,Female,84.183.36.174
396,Arther,Kirkman,akirkmanaz@wunderground.com,Male,128.118.151.38
397,Marleah,Tolomelli,mtolomellib0@goo.ne.jp,Female,147.132.132.9
398,Hayes,Leere,hleereb1@google.ca,Male,151.70.114.92
399,Gerda,Ginnally,gginnallyb2@dion.ne.jp,Female,40.23.26.245
400,Jyoti,Bischop,jbischopb3@wiley.com,Female,114.115.235.204
401,Jemimah,Gornal,jgornalb4@vinaora.com,Female,119.21.22.43
402,Leigh,Maltby,lmaltbyb5@bing.com,Female,138.250.148.228
403,Nicol,MacNucator,nmacnucatorb6@nydailynews.com,Female,35.85.172.196
404,Kevon,Balaisot,kbalaisotb7@bigcartel.com,Male,107.12.72.225
405,Leanora,Swedeland,lswedelandb8@yolasite.com,Female,23.11.19.187
406,Harriette,Tunney,htunneyb9@china.com.cn,Female,1.19.230.212
407,Melessa,Semple,msempleba@ask.com,Female,174.68.109.115
408,Allie,Biasio,abiasiobb@flickr.com,Male,34.10.217.246
409,Christoper,Ailsbury,cailsburybc@bloomberg.com,Male,50.191.2.64
410,Isaiah,Shivell,ishivellbd@washington.edu,Male,163.229.238.120
411,Luise,Tsar,ltsarbe@nsw.gov.au,Female,167.242.119.139
412,Pen,Strase,pstrasebf@sphinn.com,Female,190.31.249.144
413,Vlad,Swindlehurst,vswindlehurstbg@yellowpages.com,Male,84.91.197.22
414,Maggee,Kupisz,mkupiszbh@yahoo.co.jp,Female,239.189.107.206
415,Boonie,Skilbeck,bskilbeckbi@flickr.com,Male,133.138.4.178
416,Alvy,Gantzer,agantzerbj@arstechnica.com,Male,95.75.80.81
417,Wendel,Worsham,wworshambk@pen.io,Male,175.191.246.246
418,Timothee,McClinton,tmcclintonbl@google.com.hk,Male,248.188.192.21
419,Eve,MacParland,emacparlandbm@amazon.de,Female,34.186.234.97
420,Costanza,Enrigo,cenrigobn@addtoany.com,Female,194.71.204.139
421,Alfred,Bolitho,abolithobo@dot.gov,Male,244.129.67.84
422,Kim,Bullivent,kbulliventbp@woothemes.com,Male,26.17.215.27
423,Kelley,Wavell,kwavellbq@vimeo.com,Male,253.154.193.134
424,Haleigh,MacConnell,hmacconnellbr@thetimes.co.uk,Male,106.51.135.63
425,Brietta,Verrillo,bverrillobs@xrea.com,Female,66.100.52.211
426,Dyann,Hassewell,dhassewellbt@github.io,Female,101.28.168.214
427,Tiffie,Brain,tbrainbu@unc.edu,Female,27.78.55.18
428,Devinne,Rubinivitz,drubinivitzbv@japanpost.jp,Female,244.178.157.226
429,Mariette,Faust,mfaustbw@acquirethisname.com,Female,43.208.196.163
430,Tiffanie,Pattrick,tpattrickbx@umn.edu,Female,97.194.67.104
431,Vanny,Kiledal,vkiledalby@vkontakte.ru,Female,94.237.171.233
432,Octavius,Lanfear,olanfearbz@mashable.com,Male,67.111.25.200
433,Rois,Kohtler,rkohtlerc0@mediafire.com,Female,65.123.7.15
434,Ethan,Pitcher,epitcherc1@whitehouse.gov,Male,214.245.67.48
435,Shalna,Treadwell,streadwellc2@mapquest.com,Female,251.6.8.54
436,Devora,Marrow,dmarrowc3@baidu.com,Female,53.247.40.94
437,Khalil,Farady,kfaradyc4@4shared.com,Male,210.219.29.63
438,Win,Tierny,wtiernyc5@samsung.com,Male,132.203.157.193
439,Janina,Rentenbeck,jrentenbeckc6@furl.net,Female,57.45.216.234
440,Bogart,Timbs,btimbsc7@webmd.com,Male,118.125.252.217
441,Zackariah,Forstall,zforstallc8@deliciousdays.com,Male,240.24.97.238
442,Goldie,Bromehed,gbromehedc9@over-blog.com,Female,43.249.49.185
443,Isa,Del Checolo,idelchecoloca@dagondesign.com,Male,21.143.117.106
444,Shana,Fullstone,sfullstonecb@quantcast.com,Female,114.97.131.205
445,Angie,Collis,acolliscc@about.me,Female,208.52.38.72
446,Niki,Lindenberg,nlindenbergcd@google.com.hk,Male,115.143.41.162
447,Gretta,Pleasaunce,gpleasauncece@china.com.cn,Female,54.229.245.220
448,Regen,Dinnies,rdinniescf@webnode.com,Male,113.80.38.255
449,Meagan,Kornyakov,mkornyakovcg@nsw.gov.au,Female,65.236.24.193
450,Sharia,Thundercliffe,sthundercliffech@youtu.be,Female,211.233.193.31
451,Corrie,Jacquemy,cjacquemyci@woothemes.com,Female,14.177.129.2
452,Trip,Cough,tcoughcj@t-online.de,Male,111.90.218.252
453,Isis,Lamey,ilameyck@java.com,Female,182.118.89.209
454,Marwin,Litchmore,mlitchmorecl@about.com,Male,160.218.233.55
455,Biron,Bouller,bboullercm@4shared.com,Male,136.180.243.237
456,Ker,Adger,kadgercn@webmd.com,Male,113.38.128.118
457,Ker,Fochs,kfochsco@google.ca,Male,191.241.76.234
458,Carlin,Chamberlen,cchamberlencp@cnn.com,Female,174.117.189.90
459,Ernie,Morffew,emorffewcq@fema.gov,Male,210.240.38.44
460,Vikki,Whickman,vwhickmancr@theguardian.com,Female,195.56.67.33
461,Tani,Hedges,thedgescs@t.co,Female,133.109.5.198
462,Karil,Lafuente,klafuentect@rediff.com,Female,93.186.105.147
463,Wyatt,Leyton,wleytoncu@google.it,Male,234.211.165.245
464,Lester,Waddilow,lwaddilowcv@skype.com,Male,108.35.35.30
465,Temple,Tucknutt,ttucknuttcw@nydailynews.com,Male,96.190.109.29
466,Bernardina,Downton,bdowntoncx@shareasale.com,Female,89.116.10.231
467,Bobbee,Axe,baxecy@huffingtonpost.com,Female,52.43.243.7
468,Fergus,Wildt,fwildtcz@barnesandnoble.com,Male,81.204.156.222
469,Arvie,Furber,afurberd0@themeforest.net,Male,38.5.35.64
470,Stacee,Northbridge,snorthbridged1@who.int,Male,130.192.4.247
471,Starlene,Ollivier,sollivierd2@example.com,Female,102.255.146.86
472,Merle,Sidey,msideyd3@icio.us,Male,116.39.163.90
473,Selia,Kleinplac,skleinplacd4@apache.org,Female,29.190.254.44
474,Brena,Paddeley,bpaddeleyd5@wsj.com,Female,85.149.105.83
475,Aurea,Vasishchev,avasishchevd6@cnet.com,Female,161.160.129.107
476,Levey,Charlesworth,lcharlesworthd7@hp.com,Male,6.29.89.192
477,Torrey,Henfre,thenfred8@123-reg.co.uk,Male,63.6.144.229
478,Marchall,Jolin,mjolind9@twitpic.com,Male,200.55.174.248
479,Cortney,Leemans,cleemansda@google.ca,Female,60.114.135.28
480,Haleigh,Crannell,hcrannelldb@gizmodo.com,Male,72.35.52.199
481,Tristan,Foxwell,tfoxwelldc@last.fm,Male,38.44.36.38
482,Archibaldo,Nares,anaresdd@theatlantic.com,Male,94.10.212.254
483,Murial,Andersson,manderssonde@phpbb.com,Female,159.107.107.147
484,Willem,Rutty,wruttydf@vistaprint.com,Male,39.248.138.32
485,Gordan,Lafayette,glafayettedg@google.it,Male,165.36.214.119
486,Louella,Troman,ltromandh@histats.com,Female,170.161.129.45
487,Geoffrey,Domerc,gdomercdi@bizjournals.com,Male,238.184.4.250
488,Gearard,Tamas,gtamasdj@si.edu,Male,194.231.36.64
489,Kelci,Lavalde,klavaldedk@alexa.com,Female,191.43.104.151
490,Netti,Spensley,nspensleydl@trellian.com,Female,26.4.200.168
491,Quentin,Lambrook,qlambrookdm@indiegogo.com,Male,245.245.102.242
492,Ciro,Paulino,cpaulinodn@people.com.cn,Male,153.7.121.236
493,Coleman,Finey,cfineydo@ebay.com,Male,102.144.50.64
494,Kacey,Minico,kminicodp@weather.com,Female,227.133.32.4
495,Gale,Dyers,gdyersdq@state.gov,Male,156.91.200.164
496,Alonso,Willimott,awillimottdr@deviantart.com,Male,50.145.214.157
497,Linoel,Costelloe,lcostelloeds@booking.com,Male,84.41.150.13
498,Karim,Arrault,karraultdt@java.com,Male,180.239.182.98
499,Dee dee,Jago,djagodu@army.mil,Female,122.23.253.43
500,Morgun,Blagburn,mblagburndv@bloglovin.com,Male,148.8.6.198
501,Elspeth,Bletso,ebletsodw@wordpress.org,Female,109.20.49.108
502,Betty,Townes,btownesdx@parallels.com,Female,250.44.76.84
503,Clyve,Beavis,cbeavisdy@unesco.org,Male,137.251.253.81
504,Libbey,McIlharga,lmcilhargadz@studiopress.com,Female,42.252.41.3
505,Ruth,Rowson,rrowsone0@jalbum.net,Female,45.231.86.52
506,Pace,McDuff,pmcduffe1@wordpress.com,Male,141.189.71.237
507,Alistair,Klimushev,aklimusheve2@rambler.ru,Male,149.130.157.51
508,Ly,Sayce,lsaycee3@google.cn,Male,194.102.206.0
509,Nevin,Rahlof,nrahlofe4@a8.net,Male,17.64.189.188
510,Tuckie,Filmer,tfilmere5@tiny.cc,Male,159.91.33.79
511,Corey,Bresner,cbresnere6@people.com.cn,Male,54.137.169.41
512,Silvana,Avramovich,savramoviche7@tripod.com,Female,28.179.67.106
513,Devina,Paolazzi,dpaolazzie8@berkeley.edu,Female,107.131.76.91
514,Lizette,Kingscote,lkingscotee9@mozilla.org,Female,114.101.179.25
515,Travers,MacAlester,tmacalesterea@ucsd.edu,Male,60.169.197.204
516,Kalindi,Cantrell,kcantrelleb@army.mil,Female,209.188.113.81
517,Wilfred,Gravett,wgravettec@photobucket.com,Male,194.149.205.200
518,Guenna,Burnhill,gburnhilled@mail.ru,Female,207.156.174.194
519,Murielle,Cantle,mcantleee@jimdo.com,Female,123.214.194.25
520,Correna,Dunguy,cdunguyef@ning.com,Female,152.224.57.108
521,Tami,Amoore,tamooreeg@jiathis.com,Female,227.115.214.107
522,Gil,Sheran,gsheraneh@bandcamp.com,Male,189.136.222.232
523,Gerianna,Brower,gbrowerei@youtu.be,Female,139.70.223.81
524,Hogan,McCrie,hmccrieej@dailymail.co.uk,Male,176.135.54.231
525,Dolph,Heilds,dheildsek@tinypic.com,Male,127.210.73.155
526,Giffy,Ahern,gahernel@gmpg.org,Male,240.169.97.17
527,Grenville,Aikett,gaikettem@edublogs.org,Male,222.43.58.218
528,Harman,Tansey,htanseyen@theatlantic.com,Male,176.28.2.225
529,Rania,Giovannetti,rgiovannettieo@bbc.co.uk,Female,233.74.52.177
530,Jade,Callis,jcallisep@dyndns.org,Female,49.178.252.99
531,Orin,Manktelow,omankteloweq@dailymail.co.uk,Male,249.43.199.220
532,Westbrook,Joubert,wjouberter@opensource.org,Male,214.213.115.158
533,Mallory,Ahearne,mahearnees@wsj.com,Female,164.156.220.121
534,Holly,Ilive,hiliveet@soundcloud.com,Female,187.107.83.156
535,Rosalinda,Jephcote,rjephcoteeu@europa.eu,Female,163.125.63.33
536,Concordia,Petzold,cpetzoldev@sciencedirect.com,Female,44.203.174.80
537,Broderic,Crossdale,bcrossdaleew@webs.com,Male,91.102.41.152
538,Ellene,Jacquemot,ejacquemotex@woothemes.com,Female,168.143.84.100
539,Schuyler,Pickle,spickleey@xing.com,Male,69.23.134.47
540,Andrea,Antunez,aantunezez@ehow.com,Male,16.167.158.161
541,Hakeem,Pollicote,hpollicotef0@yandex.ru,Male,13.24.55.233
542,Angel,Rembrant,arembrantf1@domainmarket.com,Male,224.43.159.16
543,Jan,Ogelbe,jogelbef2@hp.com,Male,26.35.69.87
544,Georgeanna,McKinlay,gmckinlayf3@bizjournals.com,Female,129.252.173.72
545,Clayson,Paramor,cparamorf4@spotify.com,Male,53.113.200.120
546,Brad,Phelps,bphelpsf5@exblog.jp,Male,159.107.140.82
547,Rickert,Lamlin,rlamlinf6@blogger.com,Male,103.137.190.29
548,Krystle,Dayly,kdaylyf7@pcworld.com,Female,210.221.247.88
549,Evania,Castellino,ecastellinof8@google.com.au,Female,77.10.82.227
550,Janeta,Nuzzetti,jnuzzettif9@artisteer.com,Female,29.21.230.11
551,Glen,Hurd,ghurdfa@reddit.com,Male,105.248.70.188
552,Rosabelle,Hurd,rhurdfb@desdev.cn,Female,5.224.117.107
553,Brandon,Duffit,bduffitfc@chicagotribune.com,Male,219.93.164.2
554,Craig,Elwel,celwelfd@furl.net,Male,107.12.129.51
555,Tripp,Rosevear,trosevearfe@youtu.be,Male,83.248.113.197
556,Rozanna,Steljes,rsteljesff@marketwatch.com,Female,179.21.140.181
557,Randi,Seggie,rseggiefg@netlog.com,Male,162.247.105.208
558,Bondy,Liebermann,bliebermannfh@csmonitor.com,Male,6.253.160.94
559,Chantal,Amor,camorfi@php.net,Female,85.188.192.241
560,Paulie,Mandry,pmandryfj@odnoklassniki.ru,Male,213.196.238.245
561,Paloma,Sunnucks,psunnucksfk@ted.com,Female,6.0.34.80
562,Alfredo,Lundberg,alundbergfl@shinystat.com,Male,213.205.173.255
563,Sasha,Coghill,scoghillfm@reuters.com,Female,145.139.170.31
564,Bambie,Burgin,bburginfn@dion.ne.jp,Female,55.26.135.188
565,Cullan,Symcock,csymcockfo@ning.com,Male,220.4.95.203
566,Fabien,Chilton,fchiltonfp@economist.com,Male,235.102.206.226
567,Carlin,Wipfler,cwipflerfq@prweb.com,Female,232.6.184.109
568,Danyelle,Bernt,dberntfr@mayoclinic.com,Female,17.225.248.88
569,Shellie,Casebourne,scasebournefs@unesco.org,Female,194.38.102.16
570,Jerry,Pinke,jpinkeft@furl.net,Male,72.182.173.57
571,Dorisa,De Giovanni,ddegiovannifu@canalblog.com,Female,93.21.43.62
572,Myra,Gustus,mgustusfv@answers.com,Female,192.6.101.94
573,Myriam,Kellard,mkellardfw@jigsy.com,Female,56.67.251.87
574,Serge,Tudball,studballfx@nbcnews.com,Male,239.24.145.179
575,Josh,Tolson,jtolsonfy@seesaa.net,Male,238.229.108.23
576,Bale,Hawken,bhawkenfz@howstuffworks.com,Male,152.205.132.246
577,Marielle,Izakson,mizaksong0@imgur.com,Female,154.235.246.41
578,Hillier,Kerne,hkerneg1@bluehost.com,Male,161.141.137.132
579,Mindy,Pedgrift,mpedgriftg2@clickbank.net,Female,22.115.83.214
580,Elvin,Cherry Holme,echerryholmeg3@toplist.cz,Male,97.40.207.122
581,Anabel,Jeffcock,ajeffcockg4@about.com,Female,249.182.186.73
582,Isahella,Khotler,ikhotlerg5@chron.com,Female,86.222.73.159
583,Raf,Canny,rcannyg6@eepurl.com,Female,236.174.253.69
584,Ainsley,Boss,abossg7@ask.com,Female,171.127.51.186
585,Diann,Bradburne,dbradburneg8@jiathis.com,Female,18.102.124.188
586,Kelsey,Grealy,kgrealyg9@lulu.com,Female,184.253.82.69
587,Brander,Penrose,bpenrosega@bandcamp.com,Male,49.35.99.210
588,Kayla,Wilkowski,kwilkowskigb@biglobe.ne.jp,Female,138.111.69.71
589,Michele,Chellingworth,mchellingworthgc@amazon.co.jp,Male,85.83.5.186
590,Lazare,Cassley,lcassleygd@over-blog.com,Male,43.126.147.175
591,Pavla,Carbin,pcarbinge@boston.com,Female,231.139.216.13
592,Kerrin,Caret,kcaretgf@mapquest.com,Female,166.192.34.120
593,Artemus,Ondra,aondragg@cafepress.com,Male,111.75.168.78
594,Judye,Costanza,jcostanzagh@hatena.ne.jp,Female,183.123.189.228
595,Rriocard,Squibe,rsquibegi@clickbank.net,Male,103.193.3.53
596,Thor,Mulholland,tmulhollandgj@aboutads.info,Male,195.7.32.222
597,Roland,Samter,rsamtergk@columbia.edu,Male,13.246.117.11
598,Orlando,Houltham,ohoulthamgl@alexa.com,Male,212.120.25.177
599,Hadlee,Porritt,hporrittgm@symantec.com,Male,74.157.61.163
600,Any,Bleackley,ableackleygn@omniture.com,Male,198.114.58.9
601,Cherye,Gierth,cgierthgo@dailymotion.com,Female,131.188.16.124
602,Tresa,Lufkin,tlufkingp@dion.ne.jp,Female,38.255.12.177
603,Hendrik,Baddow,hbaddowgq@storify.com,Male,150.60.78.206
604,Shalna,Dormon,sdormongr@ow.ly,Female,244.250.125.153
605,Martainn,Rozenzweig,mrozenzweiggs@dmoz.org,Male,87.75.180.128
606,Antonius,Marrion,amarriongt@naver.com,Male,100.140.14.238
607,Miles,Varvell,mvarvellgu@ebay.co.uk,Male,234.227.24.151
608,Callida,Snelle,csnellegv@weibo.com,Female,160.22.175.205
609,Hyacinthe,Blakemore,hblakemoregw@cnn.com,Female,15.109.227.151
610,Fionnula,Kirsz,fkirszgx@msu.edu,Female,201.237.75.81
611,Wright,Furse,wfursegy@infoseek.co.jp,Male,84.223.80.149
612,Rebeka,Glenister,rglenistergz@google.pl,Female,43.183.170.197
613,Taddeo,Polleye,tpolleyeh0@parallels.com,Male,252.233.157.99
614,Harv,Trustey,htrusteyh1@cdbaby.com,Male,15.131.157.20
615,Benton,McGookin,bmcgookinh2@msu.edu,Male,38.65.118.119
616,Julina,Sings,jsingsh3@cdbaby.com,Female,158.230.237.218
617,Gretna,Emanuelov,gemanuelovh4@moonfruit.com,Female,197.149.175.151
618,Tom,Aitken,taitkenh5@foxnews.com,Male,204.64.145.182
619,Sergio,Pauly,spaulyh6@jiathis.com,Male,59.133.110.139
620,Alysa,Beardwell,abeardwellh7@alexa.com,Female,173.26.115.19
621,Kathleen,Stephen,kstephenh8@odnoklassniki.ru,Female,65.194.120.235
622,Doe,Vint,dvinth9@bing.com,Female,201.9.219.43
623,Maurice,Phibb,mphibbha@patch.com,Male,127.220.69.68
624,Devora,Roux,drouxhb@g.co,Female,39.32.53.7
625,Casey,Jakubski,cjakubskihc@prweb.com,Female,247.16.58.121
626,Fons,Bingham,fbinghamhd@woothemes.com,Male,187.150.130.86
627,Briano,Cleaton,bcleatonhe@geocities.com,Male,148.187.222.77
628,Claybourne,D'Aguanno,cdaguannohf@delicious.com,Male,172.124.4.91
629,Heddie,MacAfee,hmacafeehg@bravesites.com,Female,146.252.159.250
630,Levon,Haughin,lhaughinhh@fda.gov,Male,86.157.48.163
631,Townsend,Bramo,tbramohi@blogspot.com,Male,98.21.180.249
632,Marcellus,Joiris,mjoirishj@ifeng.com,Male,30.248.244.27
633,Pepillo,Keel,pkeelhk@ask.com,Male,83.149.76.126
634,Allissa,Byrd,abyrdhl@weather.com,Female,28.213.108.201
635,Elwood,Doog,edooghm@shareasale.com,Male,193.228.132.82
636,Tito,Rojel,trojelhn@ehow.com,Male,66.44.136.145
637,Claiborne,York,cyorkho@about.com,Male,6.232.0.77
638,Bevan,Badham,bbadhamhp@123-reg.co.uk,Male,252.9.97.27
639,Costanza,Stenning,cstenninghq@boston.com,Female,64.253.65.176
640,Findley,Knowler,fknowlerhr@addthis.com,Male,78.181.16.255
641,Jodi,Dooher,jdooherhs@spiegel.de,Male,246.83.140.16
642,Guthrey,Kleiner,gkleinerht@nbcnews.com,Male,121.12.27.149
643,Alvinia,Ritzman,aritzmanhu@businessweek.com,Female,91.219.21.8
644,Emilie,Dauncey,edaunceyhv@youku.com,Female,242.204.150.98
645,Fred,Mosten,fmostenhw@va.gov,Female,197.78.136.3
646,Aurthur,Baldelli,abaldellihx@pcworld.com,Male,253.28.32.80
647,Waldon,Brolan,wbrolanhy@google.cn,Male,117.114.212.4
648,Berta,Stopps,bstoppshz@dmoz.org,Female,91.143.128.110
649,Lon,Kneale,lknealei0@clickbank.net,Male,111.72.156.150
650,Vinnie,Rankcom,vrankcomi1@addthis.com,Female,246.250.153.236
651,Iorgos,Gerred,igerredi2@homestead.com,Male,173.235.242.146
652,Bobby,Jina,bjinai3@ask.com,Male,124.251.55.245
653,Rufe,Alben,ralbeni4@oaic.gov.au,Male,72.75.209.150
654,Joann,Hayball,jhayballi5@cisco.com,Female,135.157.65.1
655,Rogers,Wickersley,rwickersleyi6@sogou.com,Male,228.95.56.43
656,Towny,Pinnocke,tpinnockei7@webeden.co.uk,Male,244.162.244.112
657,Tallie,Isley,tisleyi8@google.com.hk,Male,205.165.158.76
658,Lauren,Boow,lboowi9@qq.com,Female,191.208.86.6
659,Richardo,Storck,rstorckia@miibeian.gov.cn,Male,31.1.116.35
660,Dionisio,Houdhury,dhoudhuryib@google.it,Male,182.241.15.72
661,Thornie,Woltering,twolteringic@xing.com,Male,76.146.26.220
662,Erin,Bastick,ebastickid@npr.org,Female,123.159.156.69
663,Siobhan,Dybell,sdybellie@51.la,Female,206.152.180.53
664,Estrellita,Heiton,eheitonif@illinois.edu,Female,111.115.199.159
665,Alysia,Bowsher,abowsherig@washingtonpost.com,Female,120.85.108.69
666,Mycah,Skuce,mskuceih@rambler.ru,Male,107.182.209.104
667,Adrianna,Bastow,abastowii@illinois.edu,Female,71.207.125.47
668,Batholomew,Liddell,bliddellij@constantcontact.com,Male,244.3.34.61
669,Benny,Keats,bkeatsik@mayoclinic.com,Female,143.61.163.235
670,Dilly,Moodycliffe,dmoodycliffeil@vk.com,Male,26.123.120.93
671,Aleksandr,Buterton,abutertonim@miibeian.gov.cn,Male,99.65.201.40
672,Farrand,Willimot,fwillimotin@studiopress.com,Female,2.88.83.130
673,Ursulina,Haucke,uhauckeio@google.cn,Female,135.146.192.101
674,Jeannine,Pipkin,jpipkinip@list-manage.com,Female,103.39.200.116
675,Drake,Ivermee,divermeeiq@reverbnation.com,Male,19.135.152.167
676,Sinclare,Sharpless,ssharplessir@live.com,Male,245.1.84.127
677,Germayne,O'Dowgaine,godowgaineis@dailymotion.com,Male,159.246.222.233
678,Lela,Harbisher,lharbisherit@cnet.com,Female,193.58.151.44
679,Clement,McVeagh,cmcveaghiu@devhub.com,Male,201.226.238.79
680,Dalila,Lethcoe,dlethcoeiv@spotify.com,Female,124.58.31.57
681,Ansel,Francello,afrancelloiw@engadget.com,Male,20.162.8.149
682,Carling,Voss,cvossix@nymag.com,Male,140.91.133.44
683,Gillan,Gooch,ggoochiy@imageshack.us,Female,183.156.157.102
684,Johny,Franceschielli,jfranceschielliiz@geocities.com,Male,231.94.134.79
685,Bess,Clere,bclerej0@youtu.be,Female,220.167.229.173
686,Town,Crossgrove,tcrossgrovej1@howstuffworks.com,Male,111.202.9.149
687,Giacomo,Hirtz,ghirtzj2@prnewswire.com,Male,103.12.182.78
688,Ortensia,Cadge,ocadgej3@artisteer.com,Female,42.164.151.104
689,Francine,MacDearmaid,fmacdearmaidj4@time.com,Female,142.176.173.243
690,Land,Denisovich,ldenisovichj5@pagesperso-orange.fr,Male,250.106.91.242
691,Ron,Bosse,rbossej6@pcworld.com,Male,171.30.71.248
692,Delilah,Bellard,dbellardj7@surveymonkey.com,Female,135.211.44.104
693,Nalani,Everil,neverilj8@typepad.com,Female,116.203.91.187
694,Ike,Immer,iimmerj9@china.com.cn,Male,133.218.71.152
695,Jason,Felgate,jfelgateja@mlb.com,Male,147.176.157.222
696,Tulley,Glencorse,tglencorsejb@cisco.com,Male,98.216.186.224
697,Christin,Cassley,ccassleyjc@mapquest.com,Female,31.45.211.171
698,Steffi,Prangle,spranglejd@mozilla.com,Female,183.5.171.194
699,Fawn,Etherington,fetheringtonje@cam.ac.uk,Female,217.92.199.82
700,Correy,Celier,ccelierjf@tinyurl.com,Female,141.230.159.16
701,Gwen,Grimolbie,ggrimolbiejg@cornell.edu,Female,254.219.242.94
702,Thia,Morfell,tmorfelljh@techcrunch.com,Female,132.94.191.69
703,Yvonne,Androck,yandrockji@csmonitor.com,Female,82.20.121.73
704,Lanie,Lowless,llowlessjj@berkeley.edu,Male,175.118.128.190
705,Fran,Stranahan,fstranahanjk@disqus.com,Female,58.2.150.45
706,Dominga,Taffrey,dtaffreyjl@fastcompany.com,Female,245.155.103.58
707,Forester,Cord,fcordjm@princeton.edu,Male,2.109.249.115
708,Giselle,Byass,gbyassjn@china.com.cn,Female,8.251.154.51
709,Amandy,Capelen,acapelenjo@reference.com,Female,118.25.147.191
710,Louella,Lefwich,llefwichjp@nifty.com,Female,153.93.142.39
711,Dante,Goadby,dgoadbyjq@techcrunch.com,Male,161.181.41.105
712,Myles,Wiggans,mwiggansjr@quantcast.com,Male,99.196.221.152
713,Dom,Paddemore,dpaddemorejs@oaic.gov.au,Male,101.29.238.237
714,Tad,Faudrie,tfaudriejt@nba.com,Male,96.226.149.106
715,Maggie,Skill,mskillju@issuu.com,Female,109.64.144.75
716,Kalli,Cantwell,kcantwelljv@google.ca,Female,221.202.32.241
717,Ellissa,Corringham,ecorringhamjw@google.ru,Female,54.251.52.187
718,Felicio,Fydo,ffydojx@123-reg.co.uk,Male,224.155.114.244
719,Ricki,Barson,rbarsonjy@wsj.com,Female,39.215.147.167
720,Elyn,Maps,emapsjz@vimeo.com,Female,222.27.26.47
721,Sheilakathryn,Croisier,scroisierk0@uol.com.br,Female,46.133.74.168
722,Corbin,Osgood,cosgoodk1@deliciousdays.com,Male,205.134.6.7
723,Obediah,Swadlen,oswadlenk2@walmart.com,Male,4.151.234.63
724,Jan,Bampfield,jbampfieldk3@newyorker.com,Female,39.78.165.175
725,Cordie,Cluely,ccluelyk4@pcworld.com,Male,238.59.255.94
726,Alair,Vergine,averginek5@amazon.com,Male,251.19.13.132
727,Demetris,Keach,dkeachk6@nationalgeographic.com,Female,123.225.229.237
728,Byrann,Godbald,bgodbaldk7@usgs.gov,Male,215.20.230.224
729,Jeralee,Douberday,jdouberdayk8@cnbc.com,Female,135.156.182.52
730,Mar,Edon,medonk9@angelfire.com,Male,107.237.86.243
731,Randell,McMichell,rmcmichellka@vimeo.com,Male,157.42.52.34
732,Aymer,Wathan,awathankb@woothemes.com,Male,80.73.202.171
733,Colene,Stuke,cstukekc@livejournal.com,Female,66.82.87.151
734,Dev,Blampied,dblampiedkd@nationalgeographic.com,Male,27.104.221.71
735,Heall,Edmonstone,hedmonstoneke@constantcontact.com,Male,60.57.242.169
736,Cherise,Cauthra,ccauthrakf@yale.edu,Female,246.203.74.145
737,Cathlene,Willman,cwillmankg@360.cn,Female,76.221.227.45
738,Jamison,Ollivierre,jollivierrekh@reverbnation.com,Male,184.67.163.5
739,Anders,Culmer,aculmerki@huffingtonpost.com,Male,72.74.79.220
740,Inesita,Leggott,ileggottkj@sphinn.com,Female,162.182.55.105
741,Sherrie,Carme,scarmekk@godaddy.com,Female,94.202.246.97
742,Camile,Saffen,csaffenkl@amazon.co.uk,Female,97.80.102.10
743,Felipe,Guerin,fguerinkm@behance.net,Male,112.85.216.156
744,Teodoor,Hauger,thaugerkn@toplist.cz,Male,221.40.254.253
745,Angus,Alster,aalsterko@devhub.com,Male,243.209.205.88
746,Lorrie,Torr,ltorrkp@loc.gov,Male,123.130.251.167
747,Leoine,Bims,lbimskq@dion.ne.jp,Female,40.19.176.45
748,Izabel,Larman,ilarmankr@hostgator.com,Female,93.254.91.172
749,Deina,Scamerden,dscamerdenks@live.com,Female,69.108.251.115
750,Emelita,Blakeden,eblakedenkt@google.com.br,Female,233.240.238.107
751,Lynett,Waren,lwarenku@wp.com,Female,41.96.28.156
752,Paulo,Monahan,pmonahankv@is.gd,Male,142.87.33.147
753,Samuel,Krystek,skrystekkw@biblegateway.com,Male,15.255.140.52
754,Burlie,Danbrook,bdanbrookkx@soundcloud.com,Male,89.227.170.0
755,Farlee,Rhodus,frhodusky@sphinn.com,Male,228.253.218.17
756,Yetta,Toal,ytoalkz@ehow.com,Female,184.172.10.202
757,Terrye,Wyllcock,twyllcockl0@tumblr.com,Female,168.223.136.39
758,Eugenie,Pauler,epaulerl1@squidoo.com,Female,226.236.177.155
759,Vivianne,Pawlowicz,vpawlowiczl2@1688.com,Female,55.139.105.18
760,Faber,Searight,fsearightl3@networkadvertising.org,Male,137.99.93.29
761,Arda,Gillan,agillanl4@nhs.uk,Female,92.13.97.103
762,Joachim,Crudge,jcrudgel5@google.com.au,Male,147.199.66.169
763,Kipp,Tregenza,ktregenzal6@webs.com,Male,159.126.215.25
764,Edita,Winear,ewinearl7@angelfire.com,Female,16.14.216.4
765,Raoul,Championnet,rchampionnetl8@cbsnews.com,Male,193.107.230.255
766,Dal,Galler,dgallerl9@surveymonkey.com,Male,1.112.190.24
767,Gerti,Cunniff,gcunniffla@meetup.com,Female,74.81.244.212
768,Birgit,Dusting,bdustinglb@un.org,Female,219.194.170.167
769,Veronique,Doleman,vdolemanlc@trellian.com,Female,135.170.164.2
770,Derk,Vasilyonok,dvasilyonokld@de.vu,Male,65.94.227.47
771,Durand,Embury,demburyle@t-online.de,Male,73.119.235.247
772,Dennet,Van der Beek,dvanderbeeklf@cdbaby.com,Male,88.129.189.119
773,Chantalle,Filyushkin,cfilyushkinlg@altervista.org,Female,249.175.198.134
774,Oriana,Westcar,owestcarlh@washington.edu,Female,113.82.247.234
775,Saraann,Whitney,swhitneyli@rediff.com,Female,165.132.122.242
776,Foster,Edmead,fedmeadlj@usda.gov,Male,8.180.168.248
777,Lazar,Kincey,lkinceylk@goo.gl,Male,191.81.8.239
778,Jeannette,Zeale,jzealell@so-net.ne.jp,Female,212.2.113.51
779,Allyn,Daniells,adaniellslm@sfgate.com,Male,254.1.114.44
780,Verney,Eixenberger,veixenbergerln@quantcast.com,Male,131.131.190.217
781,Meta,McElory,mmcelorylo@mtv.com,Female,27.202.127.243
782,Raynor,Lipman,rlipmanlp@cbslocal.com,Male,144.22.242.36
783,Maggie,Furneaux,mfurneauxlq@myspace.com,Female,195.212.67.42
784,Yoshiko,Cadreman,ycadremanlr@washington.edu,Female,149.4.189.36
785,Angelia,Chartre,achartrels@prnewswire.com,Female,28.100.32.105
786,Venus,Grigorini,vgrigorinilt@theatlantic.com,Female,11.5.183.4
787,Garland,Milkeham,gmilkehamlu@amazon.com,Female,53.218.128.128
788,Stefano,Flippelli,sflippellilv@altervista.org,Male,93.178.8.61
789,Bran,Formilli,bformillilw@cmu.edu,Male,222.111.6.167
790,Kristos,Fallowfield,kfallowfieldlx@census.gov,Male,164.15.120.73
791,Packston,Hailey,phaileyly@cdc.gov,Male,225.166.77.28
792,Hillyer,Pedri,hpedrilz@elpais.com,Male,226.14.212.209
793,Louisette,Pattlel,lpattlelm0@blog.com,Female,237.130.118.145
794,Dermot,Beden,dbedenm1@digg.com,Male,213.104.115.216
795,Ly,Velte,lveltem2@homestead.com,Male,225.179.180.17
796,Octavius,Kilday,okildaym3@nydailynews.com,Male,114.181.78.154
797,Peirce,Olyfant,polyfantm4@mac.com,Male,133.87.13.139
798,Serena,Rapley,srapleym5@theguardian.com,Female,178.151.20.93
799,Marcille,Hallagan,mhallaganm6@privacy.gov.au,Female,175.253.73.35
800,Tristam,Dran,tdranm7@shutterfly.com,Male,235.12.125.87
801,Shaylyn,Beere,sbeerem8@ucla.edu,Female,213.170.66.237
802,Anallese,Hauxby,ahauxbym9@opera.com,Female,72.122.232.47
803,Case,Hebron,chebronma@marriott.com,Male,178.226.184.67
804,Carlotta,Skeath,cskeathmb@imgur.com,Female,44.81.120.176
805,Alfi,Calleja,acallejamc@twitter.com,Female,152.197.118.144
806,Orran,Chomicki,ochomickimd@clickbank.net,Male,170.60.250.71
807,Willie,Haruard,wharuardme@wordpress.org,Male,110.61.1.60
808,Merrily,Hickin,mhickinmf@about.me,Female,170.139.63.59
809,Ancell,Georghiou,ageorghioumg@hostgator.com,Male,11.153.190.159
810,Alric,Baudains,abaudainsmh@nps.gov,Male,87.165.47.193
811,Arabelle,Weatherby,aweatherbymi@sourceforge.net,Female,218.145.198.196
812,Heinrik,Weekes,hweekesmj@e-recht24.de,Male,88.128.225.43
813,Marcellus,Hazelden,mhazeldenmk@blogger.com,Male,4.76.58.16
814,Ted,Khidr,tkhidrml@twitter.com,Female,26.10.180.246
815,Forest,English,fenglishmm@cbc.ca,Male,214.43.179.208
816,Dorothy,Castleton,dcastletonmn@simplemachines.org,Female,49.111.203.209
817,Niel,Mearing,nmearingmo@gmpg.org,Male,17.9.184.80
818,Odilia,Ivanenkov,oivanenkovmp@nyu.edu,Female,60.121.21.40
819,Dona,Shakesbye,dshakesbyemq@hp.com,Female,90.128.67.40
820,Gregg,Skipp,gskippmr@un.org,Male,107.201.91.62
821,Wilhelmina,Neylan,wneylanms@microsoft.com,Female,105.93.215.213
822,Merrick,Borzoni,mborzonimt@tuttocitta.it,Male,130.195.65.93
823,Caresse,Recke,creckemu@weather.com,Female,118.188.191.84
824,Suzy,Killen,skillenmv@nationalgeographic.com,Female,146.153.61.247
825,Abelard,Natalie,anataliemw@surveymonkey.com,Male,25.210.89.131
826,Ynes,Silversmidt,ysilversmidtmx@dmoz.org,Female,92.69.128.58
827,Alix,Medcalf,amedcalfmy@godaddy.com,Female,158.69.136.238
828,Dur,Farrin,dfarrinmz@accuweather.com,Male,114.83.22.41
829,Leonora,Gerault,lgeraultn0@reference.com,Female,15.164.65.137
830,Noby,Kervin,nkervinn1@unc.edu,Male,174.54.106.103
831,Austen,Diament,adiamentn2@ask.com,Male,203.83.8.24
832,Erna,Mico,emicon3@mayoclinic.com,Female,102.149.240.148
833,Deny,Raithbie,draithbien4@illinois.edu,Female,79.19.208.175
834,Matty,Maydwell,mmaydwelln5@java.com,Male,191.158.44.240
835,Dirk,Worge,dworgen6@bing.com,Male,159.61.178.30
836,Forester,Clericoates,fclericoatesn7@google.nl,Male,161.141.43.216
837,Carlene,Kirsopp,ckirsoppn8@sourceforge.net,Female,81.130.170.191
838,Alair,Cocozza,acocozzan9@ca.gov,Male,62.69.48.218
839,Devon,Woolvin,dwoolvinna@prweb.com,Female,6.15.211.48
840,Nanine,MacGruer,nmacgruernb@imdb.com,Female,196.119.191.13
841,Bob,Beasant,bbeasantnc@slideshare.net,Male,32.159.245.134
842,Aggi,Mowson,amowsonnd@blinklist.com,Female,14.111.18.134
843,Kerri,Dooher,kdooherne@nps.gov,Female,79.56.35.214
844,Karee,Pasterfield,kpasterfieldnf@noaa.gov,Female,159.114.160.6
845,Danice,Olorenshaw,dolorenshawng@unicef.org,Female,184.207.111.252
846,Chastity,Spinello,cspinellonh@virginia.edu,Female,239.173.152.145
847,Barbabas,Tegeller,btegellerni@techcrunch.com,Male,2.156.139.94
848,Ninon,Aked,nakednj@oakley.com,Female,53.254.235.17
849,Erhard,Bordman,ebordmannk@dailymotion.com,Male,88.0.118.240
850,Abey,Humpage,ahumpagenl@tamu.edu,Male,95.237.243.99
851,Anatole,Bonett,abonettnm@lycos.com,Male,107.78.145.147
852,Kahlil,Joel,kjoelnn@tinypic.com,Male,69.93.2.162
853,Emery,Eger,eegerno@tuttocitta.it,Male,156.174.177.18
854,Gallard,Elcoate,gelcoatenp@e-recht24.de,Male,217.158.74.41
855,Shina,Iacovides,siacovidesnq@fda.gov,Female,98.214.59.77
856,Torry,Bezarra,tbezarranr@chicagotribune.com,Male,40.63.41.232
857,Nils,Bedding,nbeddingns@amazon.de,Male,253.231.233.110
858,Rees,Duhig,rduhignt@pbs.org,Male,199.45.72.238
859,Sasha,Pieracci,spieraccinu@google.com,Female,2.56.4.227
860,Lucienne,Really,lreallynv@yandex.ru,Female,237.91.212.78
861,Shane,Canning,scanningnw@virginia.edu,Female,36.163.69.104
862,Pippa,Marquand,pmarquandnx@go.com,Female,24.39.239.89
863,Mommy,de la Tremoille,mdelatremoilleny@dyndns.org,Female,105.27.237.0
864,Granville,Wetherick,gwethericknz@comsenz.com,Male,52.15.180.221
865,Gerri,Benallack,gbenallacko0@live.com,Male,143.63.195.181
866,Bram,Jowling,bjowlingo1@skype.com,Male,182.55.20.47
867,Lina,Duplock,lduplocko2@usnews.com,Female,29.154.65.16
868,Hailee,Gason,hgasono3@trellian.com,Female,226.14.132.14
869,James,Hofler,jhoflero4@netlog.com,Male,75.199.246.167
870,Trumann,Bacon,tbacono5@stumbleupon.com,Male,243.147.102.165
871,Jammie,Codron,jcodrono6@phoca.cz,Female,221.227.166.204
872,Gwyneth,Arne,garneo7@cnet.com,Female,172.111.45.208
873,Elsinore,Gilford,egilfordo8@hhs.gov,Female,117.87.169.215
874,Horatius,Beeby,hbeebyo9@businesswire.com,Male,34.101.72.2
875,Mortimer,Saggs,msaggsoa@dagondesign.com,Male,141.96.62.115
876,Ronica,Leyre,rleyreob@lycos.com,Female,15.237.245.34
877,Kassie,Raimbauld,kraimbauldoc@barnesandnoble.com,Female,244.232.171.183
878,Mimi,Beincken,mbeinckenod@un.org,Female,36.234.88.140
879,De witt,Atteridge,datteridgeoe@nifty.com,Male,34.209.56.191
880,Winny,Stelle,wstelleof@marriott.com,Male,70.178.4.153
881,Davis,Andren,dandrenog@last.fm,Male,74.244.3.176
882,Jonathon,Websdale,jwebsdaleoh@desdev.cn,Male,154.192.121.130
883,Nappie,Guidotti,nguidottioi@earthlink.net,Male,211.28.151.200
884,Marwin,Halladey,mhalladeyoj@sfgate.com,Male,94.99.199.243
885,Keith,Axelby,kaxelbyok@dropbox.com,Male,33.139.66.174
886,Juan,Braizier,jbraizierol@census.gov,Male,196.1.159.195
887,Christie,Airth,cairthom@fda.gov,Male,141.231.33.199
888,Vince,Hartnell,vhartnellon@moonfruit.com,Male,124.16.83.225
889,Elsinore,Schultheiss,eschultheissoo@goo.gl,Female,222.6.163.208
890,Mary,Casarino,mcasarinoop@gov.uk,Female,249.94.235.118
891,Nadine,Rimbault,nrimbaultoq@wikia.com,Female,196.107.210.151
892,Marissa,Waggatt,mwaggattor@nymag.com,Female,105.91.95.226
893,Brittani,Guidera,bguideraos@domainmarket.com,Female,230.97.188.116
894,Cortney,McCracken,cmccrackenot@privacy.gov.au,Female,23.50.39.96
895,Cy,Harker,charkerou@google.pl,Male,226.98.4.89
896,Guthrey,Christoffersen,gchristoffersenov@pagesperso-orange.fr,Male,173.11.196.152
897,Jacklin,Thompson,jthompsonow@google.co.jp,Female,22.211.39.68
898,Ivar,Connue,iconnueox@mysql.com,Male,210.18.118.208
899,David,Norker,dnorkeroy@godaddy.com,Male,214.21.236.204
900,Megen,Garvie,mgarvieoz@privacy.gov.au,Female,4.172.200.34
901,Ker,Kelle,kkellep0@e-recht24.de,Male,18.249.214.205
902,Bliss,Gliddon,bgliddonp1@altervista.org,Female,204.218.251.165
903,Christophe,Goodlud,cgoodludp2@ucoz.ru,Male,247.4.188.171
904,Herrick,Dogg,hdoggp3@bigcartel.com,Male,77.65.95.214
905,Ginnie,Dawks,gdawksp4@phoca.cz,Female,146.6.196.24
906,Laureen,Sollars,lsollarsp5@ebay.co.uk,Female,177.132.150.223
907,Eloisa,Greenmon,egreenmonp6@umn.edu,Female,244.140.211.87
908,Dallas,Bugden,dbugdenp7@parallels.com,Female,126.235.19.252
909,Misti,Hovee,mhoveep8@harvard.edu,Female,168.187.57.9
910,Kendricks,Rassmann,krassmannp9@storify.com,Male,66.99.230.42
911,Henri,Trodden,htroddenpa@chron.com,Male,135.4.128.199
912,Ann-marie,Wayvill,awayvillpb@umn.edu,Female,176.156.71.143
913,Bard,Scutchings,bscutchingspc@noaa.gov,Male,13.144.153.128
914,Darn,Beere,dbeerepd@ihg.com,Male,182.223.173.87
915,Constance,Le Provost,cleprovostpe@redcross.org,Female,57.229.248.55
916,Rowena,Reuble,rreublepf@soundcloud.com,Female,229.140.37.64
917,Byran,Chumley,bchumleypg@npr.org,Male,114.82.31.225
918,Karyl,Di Napoli,kdinapoliph@trellian.com,Female,140.76.136.56
919,Turner,Boller,tbollerpi@ycombinator.com,Male,189.27.164.104
920,Erhard,Featherstone,efeatherstonepj@soup.io,Male,182.178.187.85
921,Gilburt,Wrey,gwreypk@apple.com,Male,79.170.220.133
922,Roselle,Espadero,respaderopl@time.com,Female,81.49.51.145
923,Courtnay,Circuitt,ccircuittpm@mapy.cz,Male,19.121.231.15
924,Lidia,Howgill,lhowgillpn@dailymail.co.uk,Female,7.197.240.35
925,Vanda,Sarvar,vsarvarpo@elegantthemes.com,Female,166.5.251.107
926,Gerda,Wakeley,gwakeleypp@ustream.tv,Female,47.255.210.64
927,Sherman,Crilly,scrillypq@jalbum.net,Male,65.109.83.126
928,Onfroi,Crich,ocrichpr@blinklist.com,Male,85.33.221.217
929,De witt,Ivell,divellps@umn.edu,Male,238.66.238.52
930,Alyse,Lyddiatt,alyddiattpt@indiatimes.com,Female,138.153.18.107
931,Barbee,Warrier,bwarrierpu@bigcartel.com,Female,0.128.248.102
932,Serene,Krebs,skrebspv@hubpages.com,Female,169.164.89.9
933,Trumann,Sterry,tsterrypw@technorati.com,Male,35.5.56.70
934,Borden,Seear,bseearpx@cbsnews.com,Male,61.156.84.238
935,Deane,Cawt,dcawtpy@parallels.com,Female,103.148.206.145
936,Korey,Sowte,ksowtepz@opera.com,Male,232.47.248.63
937,Nikolaus,Breckell,nbreckellq0@imageshack.us,Male,207.171.102.253
938,Florrie,Fullagar,ffullagarq1@samsung.com,Female,136.122.171.254
939,Jeanne,Pitrollo,jpitrolloq2@angelfire.com,Female,89.87.85.215
940,Davin,Woolens,dwoolensq3@wix.com,Male,159.65.49.120
941,Remington,Frearson,rfrearsonq4@ed.gov,Male,130.90.47.35
942,Renaldo,March,rmarchq5@java.com,Male,216.163.37.147
943,Camile,Etter,cetterq6@theguardian.com,Female,65.231.24.71
944,Hilda,Faulkener,hfaulkenerq7@blog.com,Female,75.175.27.68
945,Tudor,Bulger,tbulgerq8@columbia.edu,Male,66.248.39.114
946,Jaimie,Surgeoner,jsurgeonerq9@columbia.edu,Male,124.143.96.208
947,Fredelia,Tabert,ftabertqa@tinyurl.com,Female,141.171.0.59
948,Emory,Redmore,eredmoreqb@state.tx.us,Male,110.70.213.244
949,Nowell,Yegorkov,nyegorkovqc@blog.com,Male,76.75.3.65
950,Alonso,Barwack,abarwackqd@pcworld.com,Male,127.234.254.141
951,Tanney,Dunrige,tdunrigeqe@flavors.me,Male,153.239.173.245
952,Mord,Uttermare,muttermareqf@ft.com,Male,136.73.166.5
953,Claribel,Kearey,ckeareyqg@apache.org,Female,216.168.170.2
954,Paulo,Rutledge,prutledgeqh@bluehost.com,Male,172.157.79.139
955,Nonna,Pittel,npittelqi@archive.org,Female,109.191.235.183
956,Leena,Edelman,ledelmanqj@xinhuanet.com,Female,208.76.32.203
957,Cilka,Casassa,ccasassaqk@nyu.edu,Female,123.252.214.132
958,Ashia,Di Carlo,adicarloql@craigslist.org,Female,203.166.71.154
959,Danny,Calkin,dcalkinqm@twitpic.com,Female,106.61.19.202
960,Helsa,Hempshall,hhempshallqn@sciencedirect.com,Female,178.180.163.153
961,Yard,Cavalier,ycavalierqo@cmu.edu,Male,178.115.82.213
962,Murdoch,Boulder,mboulderqp@cisco.com,Male,113.160.157.88
963,Porty,Spires,pspiresqq@go.com,Male,232.180.251.57
964,Aluin,Woolner,awoolnerqr@unc.edu,Male,19.174.32.106
965,Urbanus,Benditt,ubendittqs@google.pl,Male,205.201.222.75
966,Hercule,Harvie,hharvieqt@over-blog.com,Male,172.80.95.217
967,Mychal,Whitear,mwhitearqu@twitpic.com,Male,171.26.58.53
968,Byrom,Caddan,bcaddanqv@tmall.com,Male,251.200.86.227
969,Alexis,Taffley,ataffleyqw@kickstarter.com,Female,139.4.88.41
970,Irving,Kinnear,ikinnearqx@sitemeter.com,Male,59.136.53.121
971,Derry,Logie,dlogieqy@livejournal.com,Male,82.228.217.152
972,Fonz,Pelchat,fpelchatqz@psu.edu,Male,121.252.131.6
973,Christina,Sansum,csansumr0@w3.org,Female,215.142.187.186
974,Farley,Sunley,fsunleyr1@ycombinator.com,Male,132.117.185.195
975,Carlyle,Hughf,chughfr2@webs.com,Male,166.132.245.158
976,Ulises,Jacobowitz,ujacobowitzr3@wordpress.com,Male,104.167.151.6
977,Diane,Chaffyn,dchaffynr4@tripadvisor.com,Female,229.142.92.211
978,Hunter,Prier,hprierr5@de.vu,Male,112.100.241.160
979,Englebert,Normadell,enormadellr6@phoca.cz,Male,212.142.236.42
980,Montague,Simony,msimonyr7@bluehost.com,Male,29.82.242.4
981,Teador,Janew,tjanewr8@sourceforge.net,Male,229.167.37.245
982,Nickolaus,Thiolier,nthiolierr9@hao123.com,Male,200.202.187.26
983,Thorny,Angrave,tangravera@uiuc.edu,Male,115.205.66.199
984,Lacey,Powter,lpowterrb@dailymail.co.uk,Female,158.196.221.202
985,Ceil,Brightling,cbrightlingrc@wisc.edu,Female,81.216.200.75
986,Britt,Allright,ballrightrd@nhs.uk,Female,135.8.210.152
987,Kaela,Kesper,kkesperre@geocities.jp,Female,63.80.159.133
988,Tedie,Le Houx,tlehouxrf@ft.com,Male,10.22.1.216
989,Tonnie,O'Flaverty,toflavertyrg@nature.com,Male,133.146.25.242
990,Ernesto,Raysdale,eraysdalerh@mail.ru,Male,132.241.2.41
991,Brenden,Graybeal,bgraybealri@canalblog.com,Male,141.95.88.69
992,Yves,Cubbit,ycubbitrj@sbwire.com,Male,221.216.240.108
993,Cyndia,Westphal,cwestphalrk@miitbeian.gov.cn,Female,240.128.110.66
994,Levi,Jayme,ljaymerl@youku.com,Male,245.200.158.185
995,Adda,McPhelim,amcphelimrm@netlog.com,Female,35.48.216.160
996,Isidora,Ference,iferencern@hao123.com,Female,6.110.248.71
997,Katrina,Roskams,kroskamsro@dagondesign.com,Female,126.47.161.92
998,Joey,Goodacre,jgoodacrerp@geocities.com,Male,119.163.183.173
999,Sydel,Iiannone,siiannonerq@nydailynews.com,Female,50.29.174.227
1000,Consolata,Kaysor,ckaysorrr@examiner.com,Female,85.207.140.159
